SN,Phase_ID,Phase_Rev,Phase_Number,ID_Acq,Description_Acq,min,max,Value_Acq,Status_Acq,Match with Drawing,Drawing Range
PCMRS0700115,600QTP130 BOLT ON DIFF CARRIER (GIUSTA),0,2,1,Bolts tightened,3,3,3,OK,,
PCMRS0700115,600QTP130 BOLT ON DIFF CARRIER (GIUSTA),0,2,2,BOLT 1: Angle [°],1,360,25,OK,,
PCMRS0700115,600QTP130 BOLT ON DIFF CARRIER (GIUSTA),0,2,3,BOLT 1: Torque [Nm],89,100,95.1,OK,OK,
PCMRS0700115,600QTP130 BOLT ON DIFF CARRIER (GIUSTA),0,2,4,BOLT 2: Angle [°],1,360,26,OK,,
PCMRS0700115,600QTP130 BOLT ON DIFF CARRIER (GIUSTA),0,2,5,BOLT 2: Torque [Nm],89,100,95.1,OK,OK,
PCMRS0700115,600QTP130 BOLT ON DIFF CARRIER (GIUSTA),0,2,6,BOLT 3: Angle [°],1,360,28,OK,,
PCMRS0700115,600QTP130 BOLT ON DIFF CARRIER (GIUSTA),0,2,7,BOLT 3: Torque [Nm],89,100,95.3,OK,OK,
PCMRS0700115,600QTP130_DIFF CARRIER HEIGHT,0,3,1,Value 1 [mm],0,0,0,OK,,
PCMRS0700115,600QTP130_DIFF CARRIER HEIGHT,0,3,2,Value 2 [mm],0,0,0,OK,,
PCMRS0700115,600QTP130_DIFF CARRIER HEIGHT,0,3,3,Value 3 [mm],0,0,0,OK,,
PCMRS0700115,600QTP130_DIFF CARRIER HEIGHT,0,3,4,[YCAP] Avarage [mm],0,0,0,OK,,
PCMRS0700115,600QTP130_DIFF CARRIER HEIGHT,0,3,5,Delta [mm] = ValMax - ValMin,0,0.5,0,OK,,
PCMRS0700115,600QTP130_BOLT ON BRAKE COVER,0,4,1,Bolts tightened,6,6,6,OK,,
PCMRS0700115,600QTP130_BOLT ON BRAKE COVER,0,4,2,BOLT 1: Angle [°],5,720,12,OK,,
PCMRS0700115,600QTP130_BOLT ON BRAKE COVER,0,4,3,BOLT 1: Torque [Nm],63,77,71.6,OK,NOT OK,146 - 165
PCMRS0700115,600QTP130_BOLT ON BRAKE COVER,0,4,4,BOLT 2: Angle [°],5,720,12,OK,,
PCMRS0700115,600QTP130_BOLT ON BRAKE COVER,0,4,5,BOLT 2: Torque [Nm],63,77,71.6,OK,NOT OK,146 - 165
PCMRS0700115,600QTP130_BOLT ON BRAKE COVER,0,4,6,BOLT 3: Angle [°],5,720,15,OK,,
PCMRS0700115,600QTP130_BOLT ON BRAKE COVER,0,4,7,BOLT 3: Torque [Nm],63,77,71.6,OK,NOT OK,146 - 165
PCMRS0700115,600QTP130_BOLT ON BRAKE COVER,0,4,8,BOLT 4: Angle [°],5,720,14,OK,,
PCMRS0700115,600QTP130_BOLT ON BRAKE COVER,0,4,9,BOLT 4: Torque [Nm],63,77,71.2,OK,NOT OK,146 - 165
PCMRS0700115,600QTP130_BOLT ON BRAKE COVER,0,4,10,BOLT 5: Angle [°],5,720,11,OK,,
PCMRS0700115,600QTP130_BOLT ON BRAKE COVER,0,4,11,BOLT 5: Torque [Nm],63,77,71.7,OK,NOT OK,146 - 165
PCMRS0700115,600QTP130_BOLT ON BRAKE COVER,0,4,12,BOLT 6: Angle [°],5,720,13,OK,,
PCMRS0700115,600QTP130_BOLT ON BRAKE COVER,0,4,13,BOLT 6: Torque [Nm],63,77,71.7,OK,NOT OK,146 - 165
PCMRS0700115,600QTP130_PRE LOAD,0,6,1,Bolts tightened,1,1,1,OK,,
PCMRS0700115,600QTP130_PRE LOAD,0,6,2,BOLT 1: Angle [°],0,0,0,OK,,
PCMRS0700115,600QTP130_PRE LOAD,0,6,3,BOLT 1: Torque [Nm],6,13.6,9.73,OK,OK,
PCMRS0700115,600QTP130_SHIM TOT,0,7,1,Value 1 [mm],-999,999,1.6,OK,,
PCMRS0700115,600QTP130_SHIM TOT,0,7,2,Value 2 [mm],-999,999,1.7,OK,,
PCMRS0700115,600QTP130_SHIM TOT,0,7,3,Value 3 [mm],-999,999,1.72,OK,,
PCMRS0700115,600QTP130_SHIM TOT,0,7,4,[AVG] Avarage - Cap [mm],-999,999,1.6733,OK,,
PCMRS0700115,600QTP130_SHIM TOT,0,7,5,Delta [mm] = ValMax - ValMin,0,0.5,0.12,OK,,
PCMRS0700115,600QTP130_BRAKE SHIM CHECK,0,9,1,Nominal Shim Thickness,-999,999,0.7245,OK,,
PCMRS0700115,600QTP130_BRAKE SHIM CHECK,0,9,2,[LH SHIMS] Actual Shim Thickness,-90,90,0.74,OK,,
PCMRS0700115,600QTP130_BRAKE CARRIER ON CENTER HOUSING,0,10,1,Bolts tightened,6,6,6,OK,,
PCMRS0700115,600QTP130_BRAKE CARRIER ON CENTER HOUSING,0,10,2,BOLT 1: Angle [°],5,720,12,OK,,
PCMRS0700115,600QTP130_BRAKE CARRIER ON CENTER HOUSING,0,10,3,BOLT 1: Torque [Nm],63,77,71.6,OK,OK,
PCMRS0700115,600QTP130_BRAKE CARRIER ON CENTER HOUSING,0,10,4,BOLT 2: Angle [°],5,720,11,OK,,
PCMRS0700115,600QTP130_BRAKE CARRIER ON CENTER HOUSING,0,10,5,BOLT 2: Torque [Nm],63,77,71.4,OK,OK,
PCMRS0700115,600QTP130_BRAKE CARRIER ON CENTER HOUSING,0,10,6,BOLT 3: Angle [°],5,720,13,OK,,
PCMRS0700115,600QTP130_BRAKE CARRIER ON CENTER HOUSING,0,10,7,BOLT 3: Torque [Nm],63,77,71.6,OK,OK,
PCMRS0700115,600QTP130_BRAKE CARRIER ON CENTER HOUSING,0,10,8,BOLT 4: Angle [°],5,720,10,OK,,
PCMRS0700115,600QTP130_BRAKE CARRIER ON CENTER HOUSING,0,10,9,BOLT 4: Torque [Nm],63,77,71.3,OK,OK,
PCMRS0700115,600QTP130_BRAKE CARRIER ON CENTER HOUSING,0,10,10,BOLT 5: Angle [°],5,720,12,OK,,
PCMRS0700115,600QTP130_BRAKE CARRIER ON CENTER HOUSING,0,10,11,BOLT 5: Torque [Nm],63,77,71.4,OK,OK,
PCMRS0700115,600QTP130_BRAKE CARRIER ON CENTER HOUSING,0,10,12,BOLT 6: Angle [°],5,720,12,OK,,
PCMRS0700115,600QTP130_BRAKE CARRIER ON CENTER HOUSING,0,10,13,BOLT 6: Torque [Nm],63,77,70.9,OK,OK,
PCMRS0700115,600QTP130_DIFF CARRIER SHIM CHECK,0,11,1,Nominal Shim Thickness,-999,999,0.9488,OK,,
PCMRS0700115,600QTP130_DIFF CARRIER SHIM CHECK,0,11,2,[RH SHIMS] Actual Shim Thickness,-90,90,0.97,OK,,
PCMRS0700115,600QTP130_CHECK LH + RH SHIMS THICKNESS,0,12,1,RH + LH [mm],1.5733,1.7733,1.71,OK,,
PCMRS0700115,600QTP130_PRE LOAD FINAL,0,15,1,Bolts tightened,1,1,1,OK,,
PCMRS0700115,600QTP130_PRE LOAD FINAL,0,15,2,BOLT 1: Angle [°],0,1810,1800,OK,,
PCMRS0700115,600QTP130_PRE LOAD FINAL,0,15,3,BOLT 1: Torque [Nm],6,13.6,11.41,OK,OK,
PCMRS0700115,600QTP130_COVER PINION SHIM CHECK,0,16,1,[PIN SHIMS] Shim Thickness [mm],-0.1064988,0.09350117,0.01,OK,,
PCMRS0700115,600QTP130_ROTATING YOKE 1,0,18,1,Bolts tightened,1,1,1,OK,,
PCMRS0700115,600QTP130_ROTATING YOKE 1,0,18,2,BOLT 1: Angle [°],0,3610,3600,OK,,
PCMRS0700115,600QTP130_ROTATING YOKE 1,0,18,3,BOLT 1: Torque [Nm],3,50,19.6,OK,OK,
PCMRS0700115,600QTP130_RESHIM,0,20,1,[LBRK] Brake Value:,-999,999,0.74,OK,,
PCMRS0700115,600QTP130_RESHIM,0,20,2,[LDIFF] Diff. Value:,-999,999,0.97,OK,,
PCMRS0700115,600QTP130_RESHIM,0,20,3,[LPIN] Pinion Value:,-999,999,0.76,OK,,
PCMRS0700115,600QTP130_RESHIM,0,20,4,Sum:,1.5733,1.7733,1.71,OK,,
PCMRS0700115,600QTP130_ROTATING YOKE,0,21,1,Bolts tightened,1,1,1,OK,,
PCMRS0700115,600QTP130_ROTATING YOKE,0,21,2,BOLT 1: Angle [°],0,3610,3600,OK,,
PCMRS0700115,600QTP130_ROTATING YOKE,0,21,3,BOLT 1: Torque [Nm],3,50,20.6,OK,OK,
PCMRS0700115,600QTP130_BACKLASH,0,23,1,Backlash 1 [mm],-999,999,0,OK,,
PCMRS0700115,600QTP130_BACKLASH,0,23,2,Backlash 2 [mm],-999,999,0,OK,,
PCMRS0700115,600QTP130_BACKLASH,0,23,3,Difference [mm],0.25,0.32,0,NOT OK,,
PCMRS0700115,600QTP130_RESHIM,0,20,1,[LBRK] Brake Value:,-999,999,0.74,OK,,
PCMRS0700115,600QTP130_RESHIM,0,20,2,[LDIFF] Diff. Value:,-999,999,0.97,OK,,
PCMRS0700115,600QTP130_RESHIM,0,20,3,[LPIN] Pinion Value:,-999,999,0.5,OK,,
PCMRS0700115,600QTP130_RESHIM,0,20,4,Sum:,1.5733,1.7733,1.71,OK,,
PCMRS0700115,600QTP130_ROTATING YOKE,0,21,1,Bolts tightened,1,1,1,OK,,
PCMRS0700115,600QTP130_ROTATING YOKE,0,21,2,BOLT 1: Angle [°],0,3610,3600,OK,,
PCMRS0700115,600QTP130_ROTATING YOKE,0,21,3,BOLT 1: Torque [Nm],3,50,19.8,OK,OK,
PCMRS0700115,600QTP130_BACKLASH,0,23,1,Backlash 1 [mm],-999,999,0,OK,,
PCMRS0700115,600QTP130_BACKLASH,0,23,2,Backlash 2 [mm],-999,999,0,OK,,
PCMRS0700115,600QTP130_BACKLASH,0,23,3,Difference [mm],0.25,0.32,0,NOT OK,,
PCMRS0700115,600QTP130_RESHIM,0,20,1,[LBRK] Brake Value:,-999,999,0.64,OK,,
PCMRS0700115,600QTP130_RESHIM,0,20,2,[LDIFF] Diff. Value:,-999,999,1.13,OK,,
PCMRS0700115,600QTP130_RESHIM,0,20,3,[LPIN] Pinion Value:,-999,999,0.5,OK,,
PCMRS0700115,600QTP130_RESHIM,0,20,4,Sum:,1.5733,1.7733,1.77,OK,,
PCMRS0700115,600QTP130_ROTATING YOKE,0,21,1,Bolts tightened,1,1,1,OK,,
PCMRS0700115,600QTP130_ROTATING YOKE,0,21,2,BOLT 1: Angle [°],0,3610,3601,OK,,
PCMRS0700115,600QTP130_ROTATING YOKE,0,21,3,BOLT 1: Torque [Nm],3,50,20.3,OK,OK,
PCMRS0700115,600QTP130_BACKLASH,0,23,1,Backlash 1 [mm],-999,999,0,OK,,
PCMRS0700115,600QTP130_BACKLASH,0,23,2,Backlash 2 [mm],-999,999,0,OK,,
PCMRS0700115,600QTP130_BACKLASH,0,23,3,Difference [mm],0.25,0.32,0,NOT OK,,
PCMRS0700115,600QTP130_RESHIM,0,20,1,[LBRK] Brake Value:,-999,999,0.64,OK,,
PCMRS0700115,600QTP130_RESHIM,0,20,2,[LDIFF] Diff. Value:,-999,999,1.13,OK,,
PCMRS0700115,600QTP130_RESHIM,0,20,3,[LPIN] Pinion Value:,-999,999,0.6,OK,,
PCMRS0700115,600QTP130_RESHIM,0,20,4,Sum:,1.5733,1.7733,1.77,OK,,
PCMRS0700115,600QTP130_ROTATING YOKE,0,21,1,Bolts tightened,1,1,1,OK,,
PCMRS0700115,600QTP130_ROTATING YOKE,0,21,2,BOLT 1: Angle [°],0,3610,3601,OK,,
PCMRS0700115,600QTP130_ROTATING YOKE,0,21,3,BOLT 1: Torque [Nm],3,50,20.6,OK,OK,
PCMRS0700115,600QTP130_BACKLASH,0,23,1,Backlash 1 [mm],-999,999,0,OK,,
PCMRS0700115,600QTP130_BACKLASH,0,23,2,Backlash 2 [mm],-999,999,0.29,OK,,
PCMRS0700115,600QTP130_BACKLASH,0,23,3,Difference [mm],0.25,0.32,0.29,OK,,
PCMRS0700115,600QTP130_BACKLASH 2,0,24,1,Backlash 1 [mm],-999,999,0,OK,,
PCMRS0700115,600QTP130_BACKLASH 2,0,24,2,Backlash 2 [mm],-999,999,0.3,OK,,
PCMRS0700115,600QTP130_BACKLASH 2,0,24,3,Difference [mm],0.25,0.32,0.3,OK,,
PCMRS0700115,600QTP130_BACKLASH 3,0,25,1,Backlash 1 [mm],-999,999,0,OK,,
PCMRS0700115,600QTP130_BACKLASH 3,0,25,2,Backlash 2 [mm],-999,999,0.31,OK,,
PCMRS0700115,600QTP130_BACKLASH 3,0,25,3,Difference [mm],0.25,0.32,0.31,OK,,
PCMRS0700115,600QTP130_BOLTS ON DIFF CARRIER 1,0,27,1,Bolts tightened,12,12,12,OK,,
PCMRS0700115,600QTP130_BOLTS ON DIFF CARRIER 1,0,27,2,BOLT 1: Angle [°],1,360,25,OK,,
PCMRS0700115,600QTP130_BOLTS ON DIFF CARRIER 1,0,27,3,BOLT 1: Torque [Nm],89,100,95,OK,OK,91-123
PCMRS0700115,600QTP130_BOLTS ON DIFF CARRIER 1,0,27,4,BOLT 2: Angle [°],1,360,25,OK,,
PCMRS0700115,600QTP130_BOLTS ON DIFF CARRIER 1,0,27,5,BOLT 2: Torque [Nm],89,100,94.8,OK,OK,91-123
PCMRS0700115,600QTP130_BOLTS ON DIFF CARRIER 1,0,27,6,BOLT 3: Angle [°],1,360,24,OK,,
PCMRS0700115,600QTP130_BOLTS ON DIFF CARRIER 1,0,27,7,BOLT 3: Torque [Nm],89,100,95.5,OK,OK,91-123
PCMRS0700115,600QTP130_BOLTS ON DIFF CARRIER 1,0,27,8,BOLT 4: Angle [°],1,360,23,OK,,
PCMRS0700115,600QTP130_BOLTS ON DIFF CARRIER 1,0,27,9,BOLT 4: Torque [Nm],89,100,95.1,OK,OK,91-123
PCMRS0700115,600QTP130_BOLTS ON DIFF CARRIER 1,0,27,10,BOLT 5: Angle [°],1,360,23,OK,,
PCMRS0700115,600QTP130_BOLTS ON DIFF CARRIER 1,0,27,11,BOLT 5: Torque [Nm],89,100,94.9,OK,OK,91-123
PCMRS0700115,600QTP130_BOLTS ON DIFF CARRIER 1,0,27,12,BOLT 6: Angle [°],1,360,24,OK,,
PCMRS0700115,600QTP130_BOLTS ON DIFF CARRIER 1,0,27,13,BOLT 6: Torque [Nm],89,100,94.7,OK,OK,91-123
PCMRS0700115,600QTP130_BOLTS ON DIFF CARRIER 1,0,27,14,BOLT 7: Angle [°],1,360,23,OK,,
PCMRS0700115,600QTP130_BOLTS ON DIFF CARRIER 1,0,27,15,BOLT 7: Torque [Nm],89,100,94.7,OK,OK,91-123
PCMRS0700115,600QTP130_BOLTS ON DIFF CARRIER 1,0,27,16,BOLT 8: Angle [°],1,360,23,OK,,
PCMRS0700115,600QTP130_BOLTS ON DIFF CARRIER 1,0,27,17,BOLT 8: Torque [Nm],89,100,95.1,OK,OK,91-123
PCMRS0700115,600QTP130_BOLTS ON DIFF CARRIER 1,0,27,18,BOLT 9: Angle [°],1,360,26,OK,,
PCMRS0700115,600QTP130_BOLTS ON DIFF CARRIER 1,0,27,19,BOLT 9: Torque [Nm],89,100,95,OK,OK,91-123
PCMRS0700115,600QTP130_BOLTS ON DIFF CARRIER 1,0,27,20,BOLT 10: Angle [°],1,360,23,OK,,
PCMRS0700115,600QTP130_BOLTS ON DIFF CARRIER 1,0,27,21,BOLT 10: Torque [Nm],89,100,94.8,OK,OK,91-123
PCMRS0700115,600QTP130_BOLTS ON DIFF CARRIER 1,0,27,22,BOLT 11: Angle [°],1,360,24,OK,,
PCMRS0700115,600QTP130_BOLTS ON DIFF CARRIER 1,0,27,23,BOLT 11: Torque [Nm],89,100,95,OK,OK,91-123
PCMRS0700115,600QTP130_BOLTS ON DIFF CARRIER 1,0,27,24,BOLT 12: Angle [°],1,360,25,OK,,
PCMRS0700115,600QTP130_BOLTS ON DIFF CARRIER 1,0,27,25,BOLT 12: Torque [Nm],89,100,95.2,OK,OK,91-123
PCMRS0700115,P130-135 BRAKE COVER OIL SEAL BOLTS,0,29,1,Bolts tightened,3,3,3,OK,,
PCMRS0700115,P130-135 BRAKE COVER OIL SEAL BOLTS,0,29,2,BOLT 1: Angle [°],10,360,66,OK,,
PCMRS0700115,P130-135 BRAKE COVER OIL SEAL BOLTS,0,29,3,BOLT 1: Torque [Nm],9,11,10.04,OK,OK,8 to 10
PCMRS0700115,P130-135 BRAKE COVER OIL SEAL BOLTS,0,29,4,BOLT 2: Angle [°],10,360,36,OK,,
PCMRS0700115,P130-135 BRAKE COVER OIL SEAL BOLTS,0,29,5,BOLT 2: Torque [Nm],9,11,10.12,OK,OK,8 to 10
PCMRS0700115,P130-135 BRAKE COVER OIL SEAL BOLTS,0,29,6,BOLT 3: Angle [°],10,360,43,OK,,
PCMRS0700115,P130-135 BRAKE COVER OIL SEAL BOLTS,0,29,7,BOLT 3: Torque [Nm],9,11,10.09,OK,OK,8 to 10
PCMRS0700115,P130-135 DIFF COVER OIL SEAL BOLTS,0,31,1,Bolts tightened,3,3,3,OK,,
PCMRS0700115,P130-135 DIFF COVER OIL SEAL BOLTS,0,31,2,BOLT 1: Angle [°],10,360,33,OK,,
PCMRS0700115,P130-135 DIFF COVER OIL SEAL BOLTS,0,31,3,BOLT 1: Torque [Nm],9,11,10.09,OK,OK,8 to 10
PCMRS0700115,P130-135 DIFF COVER OIL SEAL BOLTS,0,31,4,BOLT 2: Angle [°],10,360,32,OK,,
PCMRS0700115,P130-135 DIFF COVER OIL SEAL BOLTS,0,31,5,BOLT 2: Torque [Nm],9,11,10.05,OK,OK,8 to 10
PCMRS0700115,P130-135 DIFF COVER OIL SEAL BOLTS,0,31,6,BOLT 3: Angle [°],10,360,28,OK,,
PCMRS0700115,P130-135 DIFF COVER OIL SEAL BOLTS,0,31,7,BOLT 3: Torque [Nm],9,11,10.1,OK,OK,8 to 10
